session_id,date,player_name,player_age,talent_tier,two_x_ad,coach_type,coach_category,multiplier,n_stats_covered,stat_name,stat_before,gain_lo,gain_hi,ovr_before,ovr_boost_lo,ovr_boost_hi,notes
S1,2026-05-08,Ricky Grant,20,Normal,no,Standard,Physical,35,5,FITNESS,260,6,8,175,7,10,
S1,2026-05-08,Ricky Grant,20,Normal,no,Standard,Physical,35,5,STRENGTH,64,52,67,175,7,10,
S1,2026-05-08,Ricky Grant,20,Normal,no,Standard,Physical,35,5,AGGRESSION,201,14,21,175,7,10,
S1,2026-05-08,Ricky Grant,20,Normal,no,Standard,Physical,35,5,SPEED,160,34,41,175,7,10,
S1,2026-05-08,Ricky Grant,20,Normal,no,Standard,Physical,35,5,CREATIVITY,256,5,7,175,7,10,
S2,2026-05-08,Ricky Grant,20,Normal,no,Standard,Attacking,30,5,PASSING,130,53,64,175,12,14,
S2,2026-05-08,Ricky Grant,20,Normal,no,Standard,Attacking,30,5,DRIBBLING,223,11,17,175,12,14,
S2,2026-05-08,Ricky Grant,20,Normal,no,Standard,Attacking,30,5,CROSSING,154,38,46,175,12,14,
S2,2026-05-08,Ricky Grant,20,Normal,no,Standard,Attacking,30,5,SHOOTING,150,41,48,175,12,14,
S2,2026-05-08,Ricky Grant,20,Normal,no,Standard,Attacking,30,5,FINISHING,164,31,38,175,12,14,
S3,2026-05-08,Ricky Grant,20,Normal,no,Standard,Defending,20,4,TACKLING,120,66,77,175,10,12,
S3,2026-05-08,Ricky Grant,20,Normal,no,Standard,Defending,20,4,MARKING,137,54,63,175,10,12,
S3,2026-05-08,Ricky Grant,20,Normal,no,Standard,Defending,20,4,HEADING,154,13,18,175,10,12,
S3,2026-05-08,Ricky Grant,20,Normal,no,Standard,Defending,20,4,BRAVERY,214,15,22,175,10,12,
S4,2026-05-08,Ricky Grant,20,Normal,no,Focused,Defending,2,2,MARKING,137,13,18,175,1,2,
S4,2026-05-08,Ricky Grant,20,Normal,no,Focused,Defending,2,2,POSITIONING,228,2,3,175,1,2,
,,,,,,,,,,,,,,,,
,,,,,,,,,,,,,,,,
,,,,,,,,,,,,,,,,
,,,,,,,,,,,,,,,,
,,,,,,,,,,,,,,,,
,,,,,,,,,,,,,,,,
,,,,,,,,,,,,,,,,
,,,,,,,,,,,,,,,,
,,,,,,,,,,,,,,,,
,,,,,,,,,,,,,,,,
,,,,,,,,,,,,,,,,
,,,,,,,,,,,,,,,,
,,,,,,,,,,,,,,,,
,,,,,,,,,,,,,,,,
,,,,,,,,,,,,,,,,
,,,,,,,,,,,,,,,,
,,,,,,,,,,,,,,,,
,,,,,,,,,,,,,,,,
,,,,,,,,,,,,,,,,
,,,,,,,,,,,,,,,,
,,,,,,,,,,,,,,,,
,,,,,,,,,,,,,,,,
,,,,,,,,,,,,,,,,
,,,,,,,,,,,,,,,,
,,,,,,,,,,,,,,,,
,,,,,,,,,,,,,,,,
,,,,,,,,,,,,,,,,
,,,,,,,,,,,,,,,,
,,,,,,,,,,,,,,,,
,,,,,,,,,,,,,,,,
,,,,,,,,,,,,,,,,
,,,,,,,,,,,,,,,,
,,,,,,,,,,,,,,,,
,,,,,,,,,,,,,,,,
,,,,,,,,,,,,,,,,
,,,,,,,,,,,,,,,,
,,,,,,,,,,,,,,,,
,,,,,,,,,,,,,,,,
,,,,,,,,,,,,,,,,
,,,,,,,,,,,,,,,,
,,,,,,,,,,,,,,,,
,,,,,,,,,,,,,,,,
,,,,,,,,,,,,,,,,
,,,,,,,,,,,,,,,,
,,,,,,,,,,,,,,,,
,,,,,,,,,,,,,,,,
,,,,,,,,,,,,,,,,
,,,,,,,,,,,,,,,,
,,,,,,,,,,,,,,,,
,,,,,,,,,,,,,,,,
,,,,,,,,,,,,,,,,
,,,,,,,,,,,,,,,,
,,,,,,,,,,,,,,,,
,,,,,,,,,,,,,,,,
,,,,,,,,,,,,,,,,
,,,,,,,,,,,,,,,,
,,,,,,,,,,,,,,,,
,,,,,,,,,,,,,,,,
,,,,,,,,,,,,,,,,
,,,,,,,,,,,,,,,,
,,,,,,,,,,,,,,,,
,,,,,,,,,,,,,,,,
,,,,,,,,,,,,,,,,
,,,,,,,,,,,,,,,,
,,,,,,,,,,,,,,,,
,,,,,,,,,,,,,,,,
,,,,,,,,,,,,,,,,
,,,,,,,,,,,,,,,,
,,,,,,,,,,,,,,,,
,,,,,,,,,,,,,,,,
,,,,,,,,,,,,,,,,
,,,,,,,,,,,,,,,,
,,,,,,,,,,,,,,,,
,,,,,,,,,,,,,,,,
,,,,,,,,,,,,,,,,
,,,,,,,,,,,,,,,,
,,,,,,,,,,,,,,,,
,,,,,,,,,,,,,,,,
,,,,,,,,,,,,,,,,
,,,,,,,,,,,,,,,,
,,,,,,,,,,,,,,,,
,,,,,,,,,,,,,,,,
,,,,,,,,,,,,,,,,
,,,,,,,,,,,,,,,,
,,,,,,,,,,,,,,,,
,,,,,,,,,,,,,,,,
,,,,,,,,,,,,,,,,
,,,,,,,,,,,,,,,,
,,,,,,,,,,,,,,,,
,,,,,,,,,,,,,,,,
,,,,,,,,,,,,,,,,
,,,,,,,,,,,,,,,,
,,,,,,,,,,,,,,,,
,,,,,,,,,,,,,,,,
,,,,,,,,,,,,,,,,
,,,,,,,,,,,,,,,,
,,,,,,,,,,,,,,,,
,,,,,,,,,,,,,,,,
,,,,,,,,,,,,,,,,
,,,,,,,,,,,,,,,,
,,,,,,,,,,,,,,,,
,,,,,,,,,,,,,,,,
,,,,,,,,,,,,,,,,
,,,,,,,,,,,,,,,,
,,,,,,,,,,,,,,,,
,,,,,,,,,,,,,,,,
,,,,,,,,,,,,,,,,
,,,,,,,,,,,,,,,,
,,,,,,,,,,,,,,,,
,,,,,,,,,,,,,,,,
,,,,,,,,,,,,,,,,
,,,,,,,,,,,,,,,,
,,,,,,,,,,,,,,,,
,,,,,,,,,,,,,,,,
,,,,,,,,,,,,,,,,
,,,,,,,,,,,,,,,,
,,,,,,,,,,,,,,,,
,,,,,,,,,,,,,,,,
,,,,,,,,,,,,,,,,
,,,,,,,,,,,,,,,,
,,,,,,,,,,,,,,,,
,,,,,,,,,,,,,,,,
,,,,,,,,,,,,,,,,
,,,,,,,,,,,,,,,,
,,,,,,,,,,,,,,,,
,,,,,,,,,,,,,,,,
,,,,,,,,,,,,,,,,
,,,,,,,,,,,,,,,,
,,,,,,,,,,,,,,,,
,,,,,,,,,,,,,,,,
,,,,,,,,,,,,,,,,
,,,,,,,,,,,,,,,,
,,,,,,,,,,,,,,,,
,,,,,,,,,,,,,,,,
